제목,url,내용
'이태원 참사 특별법' 야당 단독 처리…국민의힘 퇴장,https://v.daum.net/v/20240109172519693,"이태원 참사 특별조사위원회 설치가 골자인 '이태원 참사 특별법'이 오늘(9일) 야당 단독으로 국회 본회의를 통과했습니다.
오늘 오후 열린 국회 본회의에서 더불어민주당의 요구로 상정된 '10·29 이태원참사 피해자 권리보장과 진상규명 및 재발 방지를 위한 특별법'이 의결됐습니다.
표결에는 민주당 등 야당 의원들만 참여했습니다.
국민의힘은 앞서 예고한 대로 야당의 강행 처리에 항의하며 퇴장했습니다.
민주당 주도로 통과된 이번 '이태원 참사 특별법'에는 제대로 된 진상 규명을 위해 특별조사위원회를 구성한다는 내용이 담겨 있습니다.
특조위는 총 11명으로 구성되며 ▲국회의장이 유가족 등 관련 단체와 협의해 3명▲여당이 4명 ▲야당이 4명을 각각 추천해 대통령이 임명하도록 했습니다.
상임위원은 국회의장과 여당, 야당이 각 1명씩 추천하며, 위원장은 상임위원 중에서 특조위 의결로 선출합니다.
활동기간은 1년 이내이지만 필요시 3개월씩 두 차례 연장할 수 있어 최대 1년 6개월간 활동이 가능합니다.
민주당 원안에 있던 특조위의 특검 요구 권한은 삭제됐고, 시행 시기도 '공포 후 3개월 경과한 날'에서 '올해 4월 10일'로 수정됐습니다.
특조위를 설치하는 대신 특검 조항을 없애고, 정치 쟁점화를 막기 위해 법 시행 시기도 4월 총선 이후로 미루자는 김진표 국회의장의 중재안이 반영된 결과입니다.
앞서 여야는 특별법을 놓고 협상을 벌여 특조위 설치에 일부 공감대를 이뤘지만, 위원 구성 등 세부 사항에서 의견 차이를 좁히지 못했습니다.
이른바 '쌍특검법'에 이어 민주당이 여야 합의 없이 단독으로 또다시 법안을 처리하면서 윤석열 대통령이 다시 한 번 거부권을 행사할지 주목됩니다.
[윤혜주 디지털뉴스 기자 heyjude@mbn.co.kr]
< Copyright ⓒ MBN(www.mbn.co.kr)무단전재 및 재배포 금지 >"
'투자의 신' 버핏이 또…日 '버블붕괴' 34년 만에 일어난 일,https://v.daum.net/v/20240109175406773,"일본 증시의 대표 주가지수인 닛케이225 평균주가(닛케이지수)가 34년 만에 최고치를 기록했다. 미국 하이테크 주가 상승, 일본 기업의 영업이익 증가, 새 소액투자 비과세제도(NISA) 등의 영향으로 분석된다.
9일 닛케이지수는 전 거래일보다 1.2% 오른 33,763으로 장을 마감했다. ‘거품 경기’ 붕괴 후인 1990년 3월 이후 약 33년10개월 만의 최고치(종가 기준)다. 장중 한때 33,990까지 올랐다. 앞서 이 지수는 버블 시기인 1989년 말 38,915까지 올랐으나 거품 붕괴와 미국 리먼브러더스 파산 쇼크에 따른 금융위기 등 영향으로 2009년 3월에는 7054까지 추락했다.
닛케이지수 상승은 미 증시의 기술주 상승세에 힘입어 도쿄증시에도 반도체 관련 주식을 비롯해 폭넓은 종목에 매수세가 유입된 데 따른 것이라고 니혼게이자이신문은 전했다. 도쿄일렉트론(3.28%), 어드반테스트(6.05%) 등이 대표적이다.
새단장한 NISA도 한몫했다. 일본은 올해 NISA 도입 후 10년 만에 상품 구조를 단순화하고 절세 혜택을 대폭 늘린 신규 NISA를 내놨다. SMBC닛코증권은 최근 신규 NISA 효과로 연 2조엔(약 18조원)이 일본 증시에 투입될 것이라고 내다봤다.
닛케이지수는 작년 초부터 오름세가 강했다. 도쿄 증권거래소가 각 기업에 주가순자산비율(PBR)을 끌어올려달라고 요청한 데다 ‘투자의 달인’으로 불리는 워런 버핏이 이토추, 미쓰비시 등 일본 5대 상사에 대해 추가 투자를 밝힌 데 따른 것이다. 이후 작년 7월 3일 거품 붕괴 후 종전 최고치인 33,753까지 올랐다가 그 뒤 반년간 그 아래에서 오르내림을 이어왔다.
일본은행이 앞으로도 금융완화 정책을 전환하지 않는다면 이 역시 증시에 호재가 될 전망이다. 일본은행은 지난달 경기를 부양하기 위해 추진해 온 대규모 금융완화 정책을 유지하기로 결정했다.
니혼게이자이신문은 “저출산과 고령화가 가속화하는 가운데 효율성을 끌어올려 부가가치를 얼마나 높이느냐가 장기 일본 증시에 영향을 미칠 것”이라고 분석했다.
김일규 기자 black0419@hankyung.com"
"""넣어두면 돈 된다"" 뭉칫돈 몰리더니…차익 실현 나선 투자자들",https://v.daum.net/v/20240109173903238,"지난달 주요 시중은행의 엔화 예금이 8개월 만에 감소세로 돌아섰다. 작년 11월 100엔당 850원대까지 떨어진 원·엔 환율이 12월 급등해 910원대까지 오르면서 ‘엔테크’(엔화+재테크)에 뛰어든 투자자들이 차익 실현에 나선 결과로 풀이된다. 전문가들은 원·엔 환율 추가 상승 여력이 제한적인 만큼 공격적인 엔화 매수는 자제해야 한다고 조언했다.
9일 금융권에 따르면 국민 신한 하나 우리 농협 등 5대 은행의 엔화 예금 잔액은 지난해 12월 말 기준 1조1331억엔으로 집계됐다. 역대 최대치를 기록한 작년 11월 말(1조1971억엔)과 비교해 한 달 새 5.3%(640억엔) 감소한 수치다. 엔화 예금 잔액이 전월 대비 줄어든 것은 작년 4월 이후 처음이다.
엔화 예금 잔액은 지난해 빠른 속도로 늘었다. 5대 은행의 엔화 예금 잔액은 작년 4월 5979억엔에 그쳤지만 7개월 연속 증가하며 11월 말엔 두 배가 넘는 1조1971억엔까지 불어났다. 지난해 11월엔 엔화 예금 잔액이 전달보다 14.1% 늘어날 정도로 증가 속도가 가팔랐다. 원·엔 환율이 글로벌 금융위기 이후 최저 수준으로 하락하면서 엔화 투자 매력이 커졌기 때문이다. 하나은행이 고시하는 원·엔 재정환율(오후 3시30분 기준)은 지난해 11월 16일 100엔당 856원80전으로, 2008년 1월 10일(855원47전) 후 15년10개월 만에 가장 낮았다.
엔화 예금 증가세가 꺾인 것은 원·엔 환율이 단기간에 큰 폭으로 상승하면서 저점 매수 수요가 줄었기 때문이다. 원·엔 환율은 지난달 12월 15일 100엔당 913원30전으로 한 달 만에 6.6% 올랐다. 지난달 22일엔 915원83전까지 오르기도 했다.
미국의 긴축적 통화정책이 일부 완화될 것이란 기대가 커진 가운데 일본은행이 10여 년간 유지해 온 ‘제로(0)금리’ 탈출 의지를 내비친 점도 원·엔 환율을 끌어올렸다. 우에다 가즈오 일본은행 총재는 지난달 7일 “임금 인상과 물가 상승의 선순환이 이뤄지는 것이 확실해진다면 마이너스 금리 해제 등을 시야에 넣을 수 있다”고 했다. 이 발언이 나온 날 원·엔 환율은 100엔당 7원 상승한 905원38전을 기록했고, 이날엔 914원16전에 거래됐다.
전문가들은 원·엔 환율이 100엔당 910원대까지 오른 현시점에서 추가 엔화 매수는 바람직하지 않다고 입을 모았다. 박상현 하이투자증권 전문위원은 “올해 일본은행이 통화정책을 수정하더라도 금리 인상은 쉽지 않은 여건”이라며 “올해 평균적인 원·엔 환율은 100엔당 920원대가 될 것”이라고 했다. 백석현 신한은행 연구원도 “일본은행의 통화정책 전환 속도가 매우 느리기 때문에 원·엔 환율이 오르더라도 100엔당 950원 안팎이고, 연내에 1000원까지 상승할 가능성은 매우 낮다”며 “현시점에 엔테크에 나선다면 만족할 만한 수익을 내기 쉽지 않을 것”이라고 했다.
정의진 기자 justjin@hankyung.com"
퇴근길 눈 쏟아지는 ‘수도권’…전국 곳곳 눈‧비에 시민들도 ‘발동동’,https://v.daum.net/v/20240109165550461," “밤까지 계속 눈이 온대서 퇴근과 내일 출근이 걱정이에요.” “업무특성상 승용차로 수시로 이동해야 해서, 일 처리를 서두르고 있어요.” 
전국 곳곳에 내리는 눈이나 비가 수요일(10일)까지 이어져 안전사고에 주의가 필요하다. 
특히 수도권은 9일 오후 6시 무렵 시간당 1~3㎝의 강한 눈이 예고돼 퇴근길 교통혼잡이 우려된다.   
기상청에 따르면 9일 서해상에서 발달한 눈구름대가 점점 더 내륙으로 유입되면서 전국 대부부분의 지역에 눈이나 비가 내린다. 
서울·인천·경기북부는 밤까지 오다가 그치지만 10일까지 이어지는 지역도 많다. 
경기남부‧경기동부·강원내륙·호남은 10일 오전까지, 충청·영남·제주는 10일 오후까지 지속되겠다. 강원동해안과 강원산지는 10일 저녁까지 눈이나 비가 이어질 예정이다. 
9일 오전 10시 기준 서울(동남권‧동북권‧서남권‧서북권)을 비롯해 ▲강원 평창‧횡성‧원주‧철원‧화천‧홍천‧춘천 ▲인천 강화 ▲경기 대부분의 지역에 대설주의보가 내려진 상태다.  
대설주의보는 24시간 동안 새로 내려 쌓이는 눈을 의미하는 신적설량이 5㎝ 이상 예상될 때 발령된다. 대설경보는 24시간 신적설량이 20㎝(산지는 30㎝) 이상 될 것으로 예상될 때 내린다.  
예상 적설량은 ▲강원내륙·강원산지·충북북부 5~15㎝(강원산지 최대 20㎝ 이상) ▲경기내륙·경북북부·경북남서내륙·경북북동산지 5~10㎝(최대 15㎝ 이상) ▲서울·인천·경기서해안·강원동해안·대전·세종·충남내륙·충북중부·충북남부·전북동부 3~8㎝(최대 10㎝ 이상) ▲제주산지 3~8㎝ 등이다. 
또 ▲충남서해안·전북서부내륙·대구·경북중남부내륙·경북동해안·울산·경남내륙엔 1~5㎝ ▲전남동부내륙엔 1~3㎝, 전북서해안·광주·전남중부내륙엔 1㎝ 내외로 예상된다. 
낮 최고기온이 1~10도로 영상권을 기록해 내리는 눈에 비해 쌓이는 양은 많지 않지만, 밤까지 이어져 대비가 필요하다. 새벽에 기온이 낮아지면 길이 얼어붙어 미끄러울 수 있으니 보행이나 운전시 안전사고에 유의해야 한다. 
눈이 계속 내리면서 시민들도 출퇴근길 혼잡과 사고를 걱정하는 분위기다. 
서울 금천구에 거주하는 주모씨(36)는 “9일 출근길은 눈이 쌓이지 않아서 큰 문제가 없었는데 퇴근때 많이 내린다니 걱정”이라며 “밤사이 눈이 많이 쌓여 얼지만 않으면 좋겠다. 이런 날씨에는 재택근무를 하는 사람이 제일 부럽다”고 말했다. 
직장인 강모씨(38)는 “2022년 눈길에 미끄러져 다리를 다쳤다”며 “당시 길이 얼어 있어 조심한다고 천천히 걸었는데, 어떻게 넘어졌는지 기억이 안날 정도로 사고가 순식간에 일어난다. 다들 꼭 장갑 끼고 절대 주머니에 손 넣지 말라고 당부하고 싶다”고 강조했다. 
일의 특성상 운전이 필요한 사람들은 걱정이 더 많았다. 고객을 직접 찾아가 서비스를 제공하는 업무를 담당하는 김모씨(42)는 “장비를 싣고 다녀야 해서 운전이 필수인데 눈 오는 날은 길이 밀려서 힘든 점이 많다”며 “한 곳에서 지체되면 이후로 일이 쭉 밀려버리니까 이동할 때마다 식은땀이 난다. 일을 빨리 처리하려고 서두르기는 하는데 쉽지 않다”고 토로했다.   
기상청 관계자는 “눈이 많이 내릴 때는 되도록 외출을 자제하고, 외출을 할 경우에는 대중교통을 이용하거나 자동차의 월동 장비를 반드시 구비해야 한다”며 “보온 유지를 위해 외투나 장갑, 모자 등을 착용해 달라”고 당부했다. "
"[단독] 태영, 연대보증 채무 4000억에…홀딩스·SBS 지분까지 담보로 걸었다",https://v.daum.net/v/20240109173106923,"태영그룹이 9일 윤석민 회장(60)이 태영건설을 살리기 위해 대주주인 티와이홀딩스와 대형방송사 SBS 지분도 내놓을 수 있다고 입장을 바꾼 것은 자력으로는 티와이홀딩스의 태영건설 연대보증 채무를 감당하기 어렵다고 뒤늦게 판단한 데 따른 것으로 보인다. 태영그룹은 티와이홀딩스의 태영건설 연대보증 채무를 당초 2300억원 수준으로 파악했지만 최근 4000억원까지 늘어난 것으로 알려졌다.
9일 경향신문 취재 결과 태영그룹은 지난 12월28일 태영건설의 워크아웃(채권단 공동관리절차)을 신청했을 당시 채권단에 티와이홀딩스의 태영건설 연대보증 채무가 2300억원 정도라고 통보했다.
이후 태영그룹은 티와이홀딩스의 연대보증 채무가 약 500억원이 더 있는 것을 확인했다. 이 때문에 태영인더스트리 매각대금 1549억원 중 659억원만 태영건설에 지급할 수밖에 없었다. 윤세영 태영그룹 창업회장은 지난 3일 채권자 설명회 이후 이복현 금융감독원장을 만나 이런 사정을 설명한 것으로 전해졌다.
태영그룹이 확인한 티와이홀딩스의 태영건설 연대보증 채무는 더 늘어 최근에는 4000억원까지 커졌다고 한다. 이런 상황에서 산업은행 등 채권단과 금융당국은 태영그룹에 약속 이행을 하지 않으면 오는 11일에 태영건설의 워크아웃 개시가 어렵다고 공개적으로 압박했다.
채권단이 워크아웃 개시 결정을 하지 않으면 태영건설은 법정관리(기업회생절차)에 들어가고, 이렇게 되면 티와이홀딩스의 태영건설 연대보증은 기한이익상실(EOD)이 된다. 채권자들이 티와이홀딩스에 채권 청구를 하는 상황이 돼 그룹 전체가 무너질 수도 있다.
이 때문에 태영그룹은 채권단과 금융당국에 필요하면 티와이홀딩스와 SBS 지분도 담보로 제공할테니 태영건설뿐 아니라 티와이홀딩스에 대한 채권도 유예해 달라고 요청한 것으로 전해졌다.
금융권 관계자는 “티와이홀딩스가 2020년 설립되고 태영건설이 인적분할을 한 후 태영그룹이 연대보증 규모를 제대로 파악하지 못하고 있었던 것으로 보인다”고 말했다.
금융당국도 이같은 상황을 고려해 태영그룹의 뒤늦은 입장 선회를 받아들인 것으로 보인다.
이복현 원장이 이날 취재진에게 “회사를 살리려는 채무자의 의지가 확인되면 채무자의 직접 채무뿐만 아니라 간접 채무와 이해관계자에 대한 지원도 폭넓게 고려하는 것이 워크아웃 취지에 부합한다”면서 “계열사(태영건설) 워크아웃 과정에서 모회사(티와이홀딩스)를 포함한 그룹 전체에 유동성 문제가 생기는 의도치 않은 결과를 피할 수 있도록 (채권단이) 모기업 등 연관회사의 유동성 상황을 종합적으로 고려할 필요가 있다”고 말한 것은 이때문이다.
이와함께 SBS지분을 담보로 내놓을 수 있다고 밝힌 것은 태영건설이 살아나지 못하면 윤석민 회장이 남은 계열사인 SBS를 경영하는 데 대한 비판이 커질 수 있다는 점도 고려한 것으로 전해졌다.
태영그룹이 기존 자구안 이행을 확약하고 추가 자구안도 발표한 만큼 워크아웃 개시는 가능할 것으로 보인다. 태영 측은 이날 회사를 정상화할 수 있다고 강조했다.
최금락 태영그룹 부회장은 “이미 실행한 태영인더스트리 매각대금 1549억원 지원 외에 2조~3조원으로 추정되는 에코비트 매각대금, 블루원 지분 담보 제공 및 매각, 평택싸이로 지분(62.5%) 담보 제공 등 나머지 3가지가 계획대로 된다면 (기업개선계획이 확정되는) 오는 4월까지 유동성에 큰 문제가 없을 것”이라고 말했다.
하지만 워크아웃이 개시되더라도 태영건설이 정상화되기 위해서는 넘어야할 산들이 많다. 워크아웃이 개시되면 채권단은 태영건설의 금융사 채무가 있는 프로젝트파이낸싱(PF) 사업장 60곳의 자산·부채를 3개월동안 실사한다. 이 과정에서 태영건설의 숨겨져 있던 채무가 추가로 발견될 수 있다. 예측 못 한 시장상황 변동으로 우발채무가 현실화하면 유동성에 어려움을 겪을 수 있다.
금융당국 관계자는 “낙관할 수 없는 상황”이라면서 “태영 측의 책임있는 자세가 필요하다”고 말했다.
유희곤 기자 hulk@kyunghyang.com, 박채영 기자 c0c0@kyunghyang.com"
뒷걸음치는 코스피…쏟아지는 투자 경보,https://v.daum.net/v/20240109172430668,"새해 들어 증시가 약세를 보이는 가운데 소수 종목에 거래가 집중되면서 시장경보도 늘었다. 연초 미국발 시장금리 상승 여파로 코스피가 하락세에 접어든 가운데 개인 외에 강력한 매수 주체가 없기 때문인 것으로 풀이된다. 
9일 한국거래소에 따르면 올해 개장 후 6거래일 동안 시장감시위원회가 투자주의 83건(파생상품 제외), 투자경고 2건, 투자위험 1건을 지정한 것으로 나타났다.
지난달 초 6거래일(12월 1일~8일) 동안 58개가 투자주의 종목으로 지정된 것과 비교하면 크게 늘어난 것이다. 지난달에는 증시가 활황을 이어가는 상황이었는데도 시장경보가 덜 나왔지만 새해에는 증시 개장 후 코스피가 2% 떨어지는 와중에도 시장경보가 발동된 종목은 증가했다.
투자주의 종목은 주로 우선주·스팩·테마주가 많았다. 8일 투자경고 지정이 예고된 이스트소프트는 챗GPT 테마 투자자들의 매수가 몰리며 지난 5·8일 양일간 연속 상한가를 기록한 종목이었다.
신성델타테크 역시 또다시 초전도체 테마가 주목받으며 투자경고 지정이 예고됐다. 8일에는 하나금융23호스팩이 매매관여 과다 종목으로, 교보11호스팩은 소수지점·계좌 종목으로 지정됐다. 모두 정상적인 거래가 아닌 소수 계좌에 의해 왜곡된 시세가 나올 가능성이 있다는 뜻이다.
이는 개인투자자들이 증시에 대한 관심이 높고 대기 자금은 많은 상황에서 두드러지는 대장주나 섹터가 없다 보니 단타가 늘어난 것으로 풀이된다. 작년 말에는 반도체 섹터에서 대형주와 중소형주 모두 주가가 상승했지만 올 들어서는 잠시 소강 상태다.
반면 투자자 예탁금도 2일 59조4948억원을 기록할 정도로 증시 대기 자금은 풍부한 편이다. 위탁매매 미수금 또한 5일 다시 1조원을 돌파했는데 이는 지난달 6일 이후 처음이다.
조준기 SK증권 연구원은 ""증시에 활기를 돌게 할 만한 트리거가 보이지 않고 변동폭도 크지 않아 테마주 관련 움직임이 크게 나타났다""며 ""초전도체 테마, 인공지능(AI) 챗봇 테마, 웹툰 테마 등이 상승하는 모습을 보이고 있다""고 말했다.
한국거래소 시장감시위원회는 투자주의·투자경고·투자위험 3단계로 이뤄진 시장경보제도를 운영하고 있다. 주가가 비정상적으로 급등했거나 투기적이고 불공정거래 개연성이 있는 종목에 대해 주의를 환기시키기 위한 제도다. 2단계 투자경고 종목이 되면 위탁증거금이 100% 필요해 미수거래가 차단되고 신용거래도 제한된다. 지정일부터 계산해 10일째 되는 날 종가에 따라 해제 여부가 결정된다.
또한 투자경고 지정에도 불구하고 주가 급등이 여전히 계속되면 3단계 투자위험 종목이 돼 하루 동안 거래가 정지된다. 소룩스가 무상증자 권리락 효과로 상한가가 이어지자 새해 첫 투자경고 종목으로 지정된 바 있다.
투자경고 종목으로 지정되면 해제될 때까지 10거래일간 신용·미수거래를 막아 시장 과열을 진정시키는 효과가 있다. 이 때문에 지난달 20일 투자경고 종목으로 지정돼 9일 해제된 LS머트리얼즈는 해제 당일 주가가 전일 대비 10.21% 하락하기도 했다.
특히 유통주식 수가 적어 수급이 쏠리면 주가 변동성이 커지는 우선주가 대거 투자주의 종목으로 지정되기도 했다. 8일 거래소는 한화투자증권우 한화갤러리아우 태양금속공업우 코오롱모빌리티그룹우 금강공업우 계양전기우를 단기과열 종목으로 지정했다. 거래소는 우선주와 본주 간 가격 괴리율이 50%를 초과하면 단기과열 종목으로 지정해 단일가 매매를 적용한다. 
[김제림 기자]"
"기소돼도 ""정치 탄압"" 주장…재판의원 대다수 총선 출마할듯",https://v.daum.net/v/20240109173001862,"◆ 사법 무풍지대 금배지 ◆
""'신속히 재판받을 권리'는 특권을 좋아하는 국회의원들이 가장 싫어하는 권리일 겁니다.""
10년 넘게 국회에서 보좌관을 해온 이 모씨. 그가 모셨던 국회의원은 현재 재판을 받고 있다. 이씨는 ""예전에는 재판 중이라는 이유만으로 공천 심사에서 감점 요인이 됐고 이 때문에 신속하게 판결을 받고 사법 이슈에서 벗어나는 것이 유리했다""며 ""지금은 기소가 되더라도 검찰 탄압만 외치면 공천을 받을 수 있는 분위기""라고 말했다. 그러면서 그는 ""재판을 최대한 지연시키는 게 정치적으로 이득""이라며 ""재판 지연 전략이 여의도에 만연해 있다""고 분위기를 전했다.
실제 국회의원이 형사재판을 받는 경우 1심 선고까지 1년을 훌쩍 넘기는 것은 기본이다. 현재 형사재판 중인 현역 국회의원 26명의 1심 평균 재판 기간은 887일에 달한다.
'국회선진화법' 위반 1호 사례로 2020년 1월 재판에 넘겨진 여야 국회의원 11명은 1심만 4년째 진행 중이다. 피고인이 너무 많고 다뤄야 할 증거도 너무 많다는 것이 재판 공전의 이유다. 11명을 제외한 나머지 의원들도 수년째 1심 재판을 받는 경우가 허다하다.
국회의원들이 '거북이 재판'을 선호하는 이유는 유죄 판결이 예상되는 상황에서는 선고를 늦춰야만 국회의원 임기를 채울 수 있기 때문이다. '청와대 울산시장 선거 개입' 사건은 2020년 1월 29일 법원에 접수돼 1심 결론이 날 때까지 3년10개월이 걸렸다. 사건 당사자인 송철호 전 울산시장은 2022년 6월 임기 4년을 마쳤고, 징역 3년을 받은 황운하 더불어민주당 의원도 항소를 결정해 임기를 모두 채울 전망이다. 위안부 할머니 후원금 횡령 의혹으로 재판에 넘겨진 윤미향 무소속 의원 역시 지난해 9월 항소심에서 징역 1년6월, 집행유예 3년을 판결받았지만, 상고를 결정했다.
일부 국회의원들은 '재판 지연 기술'에 관한 한 도가 텄다는 비아냥을 듣기도 한다. 의정활동을 앞세운 재판 불출석·법관 기피, 증거부동의, 무더기 증인 신청, 변호사 사임까지 방법도 다양하다.
6개월 내 선고를 규정하고 있는 공직선거법 사건도 이재명 민주당 대표 등 사건이 복잡한 정치인들에게는 예외가 적용돼 왔다. 이 대표는 국정감사와 단식 등을 이유로 재판에 두 달간 불출석해 절차가 상당 부분 지연됐다. 이 대표가 '테러'로 병원에 입원한 데다 담당 재판부 부장판사마저 사표를 내면서 오는 4월 10일 총선 전 선고는 사실상 불가능해졌다.
17대 국회의원을 지낸 이화영 전 경기도 평화부지사는 '불법 대북송금' 혐의 재판에서 법관 기피 신청·증거부동의 방법으로 재판을 최대한 끌기도 했다. 이 전 부지사의 1심 재판은 파행을 거듭하면서 해를 두 번이나 넘기기도 했다.
이스타항공 주식을 계열사에 저가 매도해 회사에 손해를 끼치고 회삿돈을 빼돌린 혐의로 기소된 이상직 전 의원도 고의적 재판 지연 행위로 인해 재판부에서 질타를 받기도 했다. 이 전 의원은 1심에서 7차례나 변호사를 교체했다. 새로 선임한 변호인이 사건을 담당한 지 얼마 안 돼 준비할 시간이 필요하다는 이유를 들어 재판 연기를 끊임없이 요청했다.
이 전 의원은 별다른 이유 없이 재판에 수차례나 불출석하기도 했다. 그는 ""코로나19 확산으로 교도소가 닫혀 있어 재판 기록을 확인하지 못했다""는 이유를 들었다. 재판부는 ""재판을 지연시키고자 하는 것이 명백하다"" ""이런 식의 재판은 처음""이라며 격앙된 반응을 보이기도 했다. 이 전 의원은 지난해 4월 대법원에서 징역 6년형을 선고받았다.
'라임자산운용 사태'의 핵심 인물인 김봉현 전 스타모빌리티 회장으로부터 금품을 받은 혐의로 재판에 넘겨진 기동민·이수진(비례) 민주당 의원은 검찰 측과 증인신문 일정을 두고 기싸움을 벌이면서 시간을 벌었다. 지난해 8월 변호인 측은 내년도 예산안의 국회 처리 절차가 끝난 뒤 재판을 재개해 달라고 요청하기도 했다. 
이에 따라 지난해 2월 기소된 이 사건은 작년 8월부터 5개월간 중단 상태다. 두 사람의 재판은 이달 재개될 예정이다.
정치 스캔들에 연루된 의원들이 4월 총선에 출마하는 것도 얼마든지 가능한 상황이다. '민주당 돈봉투' 의혹 사건으로 윤관석 민주당 의원이 지난달 검찰로부터 징역 5년을 구형받았다. 검찰은 이 밖에 송영길 전 민주당 대표 측으로부터 돈봉투를 받은 것으로 의심되는 의원 20명에 대한 수사에 속도를 내고 있다. 예전 같았으면 공천에 감점 요인이 됐겠지만 민주당은 '공천 불이익은 없다'는 분위기다. 이들이 출마해 당선되면 22대 의원 임기까지도 다 채울 가능성이 있다. 무조건 대법원까지 사건을 끌고 갈 것이기 때문이다.
'재판 지연 꼼수'를 막을 수 있는 방법은 마땅치 않은 상황이다. 형사소송법상 피고인에게 보장된 권리를 제한하는 건 또 다른 부작용을 낳을 수 있어서다. 3선 국회의원의 한 보좌관은 ""결국 국민이 직접 표로 심판하는 수밖에 없다""고 말했다. 
[강영운 기자 / 최예빈 기자]"
"""범죄 연루 계좌"" 거짓 신고 …'통장묶기' 사기에 발동동",https://v.daum.net/v/20240109173320043,"""지금으로선 어떻게 할 수 있는 방법이 없으니 일단 조금만 더 기다려보세요.""
여행사에서 근무하는 심 모씨(48)는 신종 보이스피싱을 당하고도 뾰족한 해결 방법이 없어 발만 동동 구르고 있다. 급한 마음에 찾은 은행과 경찰에서는 별다른 해결 방법이 없다는 말만 들어야 했다. 그는 지난해 11월 자신의 계좌에 모르는 사람 명의로 20만원이 입금된 것을 확인했다. 이상하게 생각해 바로 다음 날 은행을 방문했지만 이미 자신의 모든 통장과 계좌가 동결된 후였다. 최근 성행하는 신종 보이스피싱 범죄인 '통장 묶기'를 당한 것이었다. 하루아침에 모든 통장이 동결된 심씨는 월급을 받거나 돈을 송금하는 등 모든 금융거래를 할 수 없는 처지에 놓였다.
심씨는 ""보이스피싱 피해자 보호도 중요하지만 저같이 억울한 제3의 피해자도 점점 더 많아지고 있는데 경찰도, 은행도, 금융감독원도 현행법상 어떻게 할 방법이 없다는 말만 되풀이한다""며 ""민사로 해결하는 방법밖에 없다고 하는데 거기에 들어가는 비용과 시간은 누가 책임져주느냐""고 토로했다.
신종 보이스피싱 범죄인 통장 묶기가 성행하면서 피해자가 속출하고 있다. 통장 묶기는 전기통신금융사기 피해 방지 및 피해금 환급에 관한 특별법(통신사기피해환급법)의 구멍을 악용한 새로운 금융범죄 수법이다. 전화나 메시지 등으로 접근해 피해자를 속였던 기존 보이스피싱보다 한층 더 악질적이라는 평가다. 
합의금을 노리고 범행을 저지르는 경우가 많다. 피싱 피해자 계좌에 입금한 뒤 문제가 있는 계좌라고 신고하면 계좌가 동결된다는 점을 악용해 의도적으로 접근해 금전을 요구하는 것이다.
이들이 피싱 피해 계좌를 활용하는 방법은 교묘하다. 피싱 피해자에게 중고거래인 척 접근한 뒤 '물건을 보내줄 테니 돈을 입금하라'고 하면서 제3자의 계좌번호를 알려주는 경우가 많다. 일단 입금되면 해당 계좌는 꼼짝없이 문제 계좌로 '묶여버리고' 이를 풀어주겠다며 합의금을 요구하는 것이다.
유정훈 IBS법률사무소 대표변호사는 ""보이스피싱 조직이 통장 묶기 피해자에게 접근해 '합의금을 주면 동결을 풀어줄 수도 있다'는 식으로 금전을 요구하는 것이 전형적인 패턴""이라며 ""그러나 동결을 풀려면 반드시 피싱 피해자의 동의가 있어야 하기 때문에 금전을 요구하는 범죄조직에게 절대 돈을 보내서는 안 된다""고 말했다.
이처럼 제3의 피해자가 속출하고 있지만 당장 이들을 보호할 수 있는 수단은 전무한 실정이다. 현행법상으로는 통장 묶기 피해자에 대한 피해구제 절차가 마련돼 있지 않기 때문이다. 현재 통장 묶기에 당해 동결된 계좌를 풀려면 피싱 피해자와 통장 묶기 피해자가 서로 입금된 돈을 반환하고 이를 받겠다고 합의하는 수밖에 없다. 경찰과 은행은 양쪽 피해자와 연락을 주고받으면서 원만하게 문제가 해결되도록 중재하고, 금감원은 빨리 조정이 성립되도록 감독하는 등 제한적인 역할만 할 수 있다.
문제 해결을 위해 윤창현 국민의힘 의원이 발의한 특별법 개정안은 지난해 12월 정무위원회를 통과해 법제사법위원회 심사를 기다리고 있다. 이는 통장 묶기를 당해도 금융기관에서 볼 때 사기 이용 계좌가 아니라고 판단되면 입금액을 제외한 나머지 기존 금액은 정상적으로 입출금할 수 있도록 하는 내용을 골자로 한다.
전문가들은 보호법 부재로 통장 묶기를 예방하거나 효과적으로 대처할 수 있는 방법이 없는 만큼 최대한 빠른 대응이 중요하다고 강조한다. 
금감원 관계자는 ""법적 근거가 없는 상황에서 금감원이나 금융기관이 피싱에 연루된 통장이나 계좌 동결을 임의로 풀어줄 수는 없는 것이 현실""이라며 ""현재로서는 통장 묶기에 당했다면 최대한 빨리 은행에 연락하고 피해 사실을 알린 뒤 신속한 중재를 요청하는 수밖에 없다""고 전했다.
[박민기 기자]"
"""D램·낸드 수요 반등"" AI 올라탄 삼성전자, 올 영업익 35조 예고",https://v.daum.net/v/20240109172704742,"◆ 반도체 훈풍 ◆
3개 분기 연속 실적 개선에 성공한 삼성전자가 올해 반도체 업황 회복을 발판으로 연간 35조원대 영업이익을 달성하기 위해 시동을 걸었다.
최근 생성형 인공지능(AI) 열풍으로 고성능 반도체 수요가 확대되고 온디바이스 AI 확산으로 스마트폰·TV 등 완제품 판매에 대한 기대감이 커지면서 부품과 완제품의 '쌍끌이'를 기대하는 상황이다.
9일 삼성전자가 공개한 '2023년 4분기 잠정 실적'에 따르면 지난해 4분기 삼성전자 영업이익은 2조8000억원으로 분기 기준으로는 지난해 최대 폭을 기록했다. 이 같은 영업이익은 반도체를 담당하는 디바이스솔루션(DS) 부문의 실적 개선에 따른 것으로 풀이된다. 지난해 1분기 4조5800억원으로 불어난 DS 부문의 영업적자는 4분기에 2조2000억원까지 감소한 것으로 관측된다. 감산 효과로 메모리 반도체 고객사의 재고가 정상화되고 시장에서 수요가 개선된 데 따른 것이다.
시장에서는 올해 전망을 더 긍정적으로 보고 있다. 메모리 출하량이 늘고 평균판매단가(ASP)가 상승하는 흐름이 지속되고 있기 때문이다.
삼성전자를 비롯해 주요 메모리 업체의 감산 효과로 2년 넘게 하락했던 D램·낸드플래시 가격은 반등을 시작했다. 시장조사기업 D램익스체인지가 집계한 PC용 D램과 메모리카드, USB용 낸드플래시의 고정거래가격은 작년 10월 이후 3개월 연속 오르고 있다.
류영호 NH투자증권 연구원은 ""PC·모바일 일부 고객사의 신제품 출시와 재고 축적 수요가 맞물려 반도체 수급이 좋아지고 있다""며 ""전방 산업 회복에 따른 가동률 제고와 일반 메모리 수요 증가는 하반기 때 삼성전자에 가파른 실적 개선으로 연결될 것""이라고 내다봤다.
더블데이터레이트(DDR)5와 고대역폭메모리(HBM) 등 AI 시대에 필수인 고성능 D램 수요 역시 지속 증가할 것으로 전망된다. 특히 D램 여러 개를 수직으로 연결해 데이터 처리 속도를 높인 HBM은 AI 시장 확대로 공급 부족이 예상된다. 여기에 온디바이스 AI 시장의 성장세가 고용량·고성능 반도체 수요를 끌어올리고 있다.
이뿐만 아니라 낸드플래시 시장의 회복기가 가까워졌다는 점도 고무적이다. 시장에서는 지난해 4분기 삼성전자가 D램 부문에서 8000억원대 흑자를 거둔 반면 낸드플래시 부문에서 2조원대가 넘는 적자를 낸 것으로 보고 있다. 삼성전자가 DS 부문에서 흑자전환하기 위한 열쇠는 낸드플래시에 있다는 의미다.
반도체 업계 관계자는 ""낸드플래시 시황이 올해 1분기 들어 개선되고, 가격 인상에 대해 고객사의 수용도가 높아지고 있다""며 ""낸드플래시 수요 또한 미국을 중심으로 개선되는 흐름을 보인다""고 설명했다.
반도체 부문에서 실적이 오르는 분위기에 힘입어 삼성전자는 올해 1분기에도 작년 4분기 대비 영업이익 개선세를 이어갈 것으로 예상된다. 4개 분기 연속 실적 개선 흐름이 계속될 수 있다는 것이다.
삼성전자는 DS 부문뿐만 아니라 다른 사업부에서도 실적 반등을 예상한다. 시장에서는 작년 4분기 삼성디스플레이(SDC)와 모바일경험(MX) 부문이 각각 2조원대, 2조5000억원대 이익을 거두고, 영상디스플레이(VD)·가전 부문이 100억원 안팎의 영업적자를 낸 것으로 분석한다.
MX 부문은 스마트폰 출하가 줄어드는 4분기의 계절적 특성에 부합하는 실적을 낸 것으로 평가받는다. MX 부문의 연간 이익은 2022년 실적(11조3800억원)을 초과해 달성한 것으로 추측된다. 
VD·가전·MX사업부를 포괄하는 디바이스경험(DX) 부문은 AI가 적용된 제품을 올해의 '돌파구'로 삼겠다는 전략이다.
증권가에서는 올해 삼성전자의 연간 영업이익이 35조원대에 달할 것으로 추정한다. 반도체뿐만 아니라 MX·디스플레이·가전 등 모든 부문에서 흑자가 예상되는 데 따른 것이다.
삼성전자는 오는 31일 사업부별 실적을 포함해 작년 4분기와 연간 확정 실적을 발표한다.
[최승진 기자]"
"빈살만 만난 美블링컨 ""후티 반군, 홍해 도발 지속땐 대가""",https://v.daum.net/v/20240109173306017,"토니 블링컨 미국 국무장관이 홍해 일대 중동 5개국을 돌면서 확전 방지를 설득하는 데 나서고 있지만 이스라엘은 공격을 멈추지 않았다. 8일(현지시간) 레바논 헤즈볼라의 사령관이 이스라엘의 공습으로 폭사하면서 중동 지역에 긴장이 고조되는 가운데 블링컨 장관은 이스라엘 텔아비브에서 베냐민 네타냐후 이스라엘 총리와 확전 방지를 위한 협상에 나섰다.
로이터통신에 따르면 헤즈볼라는 이날 이스라엘군의 공습으로 정예 라드완 부대의 지휘관인 위삼 하산 알타윌이 사망했다고 발표했다. 알타윌은 이스라엘과 접경 지역인 레바논 남부에서 작전을 진두지휘한 핵심 인물로 알려졌다. AP통신에 따르면 이스라엘과 레바논은 전쟁이 발발한 이후 소규모 교전을 지속해왔지만, 헤즈볼라의 고위 인사가 사살된 것은 이번이 처음이다.
미국 뉴욕타임스(NYT)는 ""이스라엘이 주요 표적으로 삼아온 라드완 부대 지휘관 알타윌이 폭사한 것은 중동에서 가자지구에 이은 또 다른 전쟁에 대한 공포를 키우는 사건""이라고 평가했다. NYT는 2006년 이스라엘과 레바논 사이 전면전이 재현될 수 있다고 짚었다.
확전 방지를 목표로 중동을 순방하던 블링컨 장관에게는 날벼락 같은 소식이다. 그는 알타윌 사망과 관련해 ""긴장이 고조되고 실제 전쟁을 보게 되는 것은 이스라엘, 레바논, 헤즈볼라 누구의 이익에도 부합하지 않는다""고 미 CNN 방송을 통해 말했다.
미국 입장에서는 홍해에서 역내 긴장감을 키우고 있는 예멘 후티 반군에 더해 헤즈볼라도 억제해야 하게 됐다. 앞서 블링컨 장관은 이날 사우디아라비아에서 ""홍해를 지나는 국제 상선들에 대한 예멘 후티 반군의 공격이 중단돼야 한다""며 ""여러 나라가 후티의 공격이 계속될 경우 그에 따르는 결과가 있을 수밖에 없다는 점을 분명히 했다""고 말했다.
블링컨 장관의 성과도 일부 빛이 바래게 됐다. 그는 아랍 국가 지도자들에게서 확전 방지를 위한 협조를 이끌어내고 있었다. 블링컨 장관은 무함마드 빈살만 사우디 왕세자와 만난 뒤 ""중동에서 만난 지도자들이 가자지구의 안정과 회복을 돕고 팔레스타인 주민을 위한 정치적 길을 계획하며 지역 전체의 장기적인 평화와 안보·안정을 위해 협력할 의향을 갖고 있었다""며 ""지도자들은 필요한 약속을 할 준비가 돼 있다""고 말했다.
또한 블링컨 장관은 빈살만 왕세자와 함께 사우디와 이스라엘의 국교 정상화 논의를 진행했다. 지난해 10월 7일 전쟁이 발발한 이후 아랍권의 민심이 악화하면서 관련 논의가 중단됐다. 이슬람 수니파 종주국인 사우디가 이스라엘과 대화하게 되면 지역에 평화 분위기가 조성될 수 있다는 기대가 나왔다.
하지만 이스라엘이 이슬람 무장단체 고위 인사에 대한 표적 공격을 지속하면서 중동 분위기가 급속도로 얼어붙고 있다. 
[김상준 기자]"
"""백인 우월주의는 미국에 독""… 160년전 남북전쟁, 대선 흔든다",https://v.daum.net/v/20240109173301007,"조 바이든 미국 대통령이 남북전쟁의 원인은 노예제가 아니라는 취지의 발언을 한 도널드 트럼프 전 대통령의 주장을 '백인 우월주의'라고 비판하며 최근 지지율이 하락한 것으로 나타난 흑인 유권자 표심 잡기에 나섰다.
과거 남북전쟁에서 패배한 뒤 남부연합이 노예제가 전쟁 원인이 아닌 것처럼 역사를 왜곡했듯이, 트럼프 전 대통령이 2020년 대통령선거 패배를 뒤집기 위해 과격 지지자들의 의회 난동을 방관했다며 그를 저지해야 한다고 강조했다. 8일(현지시간) 바이든 대통령은 미국 사우스캐롤라이나주 찰스턴의 '이매뉴얼 아프리칸 감리교회'에서 트럼프 전 대통령이 남북전쟁을 협상으로 피할 수 있었다는 취지의 발언을 한 것과 관련해 ""이는 거짓말""이라고 지적했다.
바이든 대통령은 ""모르는 것 같은 사람들을 위해 분명히 말한다. 노예제가 남북전쟁의 원인""이라며 ""이것에 대해서는 협상이 있을 수 없다""고 강조했다.
트럼프 전 대통령은 지난 6일 아이오와주 선거 유세에서 ""남북전쟁 당시 협상이 가능했다""며 ""(에이브러햄) 링컨 대통령이 협상했다면 사람들은 그가 누군지 몰랐겠지만 괜찮았을 것""이라고 말했다. 
앞서 니키 헤일리 전 유엔 대사는 지난달 27일 뉴햄프셔주 유권자 행사에서 남북전쟁의 원인을 묻는 질문에 노골적으로 노예제를 거론하지 않아 구설에 올랐다. 최근 마가(MAGA·극우 공화당)는 선거 유세에서 대선 후보에게 남북전쟁의 원인을 질문해 사상을 검증하고 있다.
바이든 대통령은 트럼프 전 대통령과 헤일리 전 대사의 발언을 백인 우월주의와 연결 지었다. 그는 ""백인 우월주의라는 오래된 유령이 새로운 옷을 입었다""고 말했다.
이날 연설 장소인 유서 깊은 흑인교회에서 바이든 대통령은 2015년 백인 우월주의자의 무차별 총격으로 흑인 9명이 사망한 사건을 언급하며 ""백인 우월주의는 미국의 역사 내내 나라를 분열시킨 독""이라고 비판했다. 
한편 트럼프 전 대통령이 2020년 대선 패배를 뒤집기 위해 자신의 지지층인 마가의 의회 난입을 방관한 것이 거짓말로 역사를 바꾸려는 시도이며, 이를 방관하면 위험이 닥칠 것이라고 경고했다. 바이든 대통령은 ""다시 한번 패배를 거짓말로 바꾸려고 하는 이들이 이 나라에 있는데, 만약 이들을 살도록 허락하면 또다시 이 나라에 끔찍한 피해를 가져올 것""이라며 ""이번에 그 거짓말은 2020년 대선에 관한 것""이라고 말했다. 바이든 대통령은 트럼프 전 대통령이 2021년 1월 6일 대선 패배를 뒤집기 위해 의회에 난입한 폭도들을 '애국자'라고 부르고 반란을 '평화 시위'라고 주장했다면서 ""패배한 대통령이 이끄는 마가가 선거를 훔치려고 했고, 이제 역사를 훔치려고 한다""고 비판했다.
바이든 대통령이 자신에게 중요한 정치적 의미를 가진 사우스캐롤라이나주를 선택해 주요 지지층인 흑인 유권자의 집결을 꾀한 것은 전략적인 선택이라고 뉴욕타임스(NYT)는 분석했다. 1·6 의사당 폭동 3주년 바로 전날인 지난 5일 펜실베이니아주 선거 유세에서 트럼프 전 대통령에 대해 '민주주의에 대한 위협'이라고 발언한 데 이어 이날 백인 우월주의가 초래한 참사를 떠올리게 하는 교회에서 비판을 이어 가며 올해 11월 대선의 중요성을 상기시키려 했다는 것이다.
흑인 유권자가 많은 사우스캐롤라이나주는 바이든 대통령이 2020년 민주당 대선 후보 경선에서 겪었던 초반 부진을 반전시키는 압승을 거두게 한 곳이다. 그는 이곳의 승리에 힘입어 대선 후보가 됐다. 이번 대선에서 민주당은 바이든 대통령의 제안을 받아들여 주별 경선 순서를 바꿔 첫 공식 경선을 다음달 3일 열리는 사우스캐롤라이나 경선으로 진행한다. 
흑인 유권자들 사이에서 바이든 대통령 지지율은 최근 하락세를 보였다. 지난 1일 미국 일간 USA투데이와 서포크대가 발표한 여론조사 결과에서 바이든 대통령에 대한 흑인 유권자들의 지지는 63%에 그쳤다. 2020년 대선 때 87%가 바이든 대통령을 선택한 것과 비교하면 지지율이 대폭 하락한 셈이다. 
[김제관 기자]"
"[르포+] ""이제 장사 접어야죠""…간판도 바꿔 단 보신탕 가게",https://v.daum.net/v/20240109173641155,
"""로봇과 산다""… AI 집사가 거실로",https://v.daum.net/v/20240109173615145,"로봇 집사에서 메시지가 온다. 반려견이 집 안을 엉망으로 만드는 사진이다. '반려견에게 밥을 주라'고 로봇 집사에 문자를 보내면 사물인터넷(IoT)으로 연결된 사료기계로 로봇 집사가 명령을 내린다.
삼성전자가 8일(현지시간) 세계 최대 가전·정보기술(IT) 전시회 'CES 2024'에서 공개한 인공지능(AI) 컴패니언 '볼리(Ballie·사진)'의 모습이다. 
바퀴가 달린 노란색 작은 공 모양인 볼리는 자율주행으로 움직인다. 프로젝터가 탑재돼 있어 벽, 천장, 바닥 어디든 화면을 비춰주고 주인과 소통한다. 집 안 모든 가전제품과 연결된 로봇 집사는 내가 지시하는 대로 불을 켜고, 내가 원하는 정보를 찾아서 화면으로 보여준다. 볼리는 라이다 기반으로 공간을 매핑하는 능력도 있어 집 구조를 집주인보다 더 잘 이해한다.
삼성전자는 이런 콘셉트 제품을 오랫동안 연구해 왔다. 2020년 CES에서 강아지처럼 사용자를 따라다니며 명령을 수행하는 '볼리 콘셉트'를 처음 공개한 지 4년 만에 볼리는 'AI 집사'라는 완성된 모습으로 복귀했다. 한종희 삼성전자 부회장은 ""삼성은 10년 넘게 AI에 투자해 왔고, 이런 투자는 오늘날 다양한 분야에서 실현되고 있다""며 ""삼성의 목표는 전 세계 수백만 명에게 AI를 제공하는 것""이라고 밝혔다.
LG전자도 같은 날 스마트홈 AI 에이전트를 내놓으며 맞불을 놨다. 로봇 형태의 반려 가전 콘셉트를 가진 이 로봇은 바퀴 달린 두 다리로 집 안을 자율주행으로 이동한다. 삼성전자 볼리가 스크린을 통한 확장 경험에 강점을 갖췄다면, LG AI 에이전트는 '감성' 소통에 특화돼 있다. 음성과 음향, 이미지를 모두 인식하는 멀티모달 기능이 있어 사용자의 상황과 상태를 인식하고 소통한다. 이날 시연에서 AI 에이전트는 주인 목소리를 듣고 건강 상태를 알아채 따뜻한 말을 건네기도 했다. LG전자는 이날 CES에서 AI 에이전트에 적용할 AI 엔진 'LG AI 브레인'도 개발 중이라고 밝혔다. 
삼성과 LG가 공개한 로봇 집사는 사람에게 거부감을 일으키는 기계적 모습이 아니라 반려동물이면서 집사 역할도 하는 이중적인 모습을 갖췄다. AI 로봇에 대한 심리적 장벽을 허물기 위해 기능뿐만 아니라 감정적 부분도 고려했다.
[라스베이거스 이덕주 특파원 / 오찬종 기자]"
자동차세 감면 제대로 받으려면,https://v.daum.net/v/20240109174200365,"서울시는 12일부터 ‘2024년도 1월 자동차세 연세액 신고납부서’를 일제히 발송한다. 연세액 일괄 납부 신청은 오는 16일부터 받는다. 신청 후 31일까지 전화, 홈페이지, 스마트폰 어플리케이션 등을 통해 납부하면 된다.
자동차세는 지방세법에 따라 매년 6월과 12월 나누어 부과된다. 자동차 소유자가 신청하는 경우에는 1월 중 연세액을 한꺼번에 납부할 수 있다.
이번 신고납부서 발송 대상은 서울시 등록자동차 325만대 중 39%에 해당하는 128만대다. 연납 세액은 2899억원이 될 전망이다.
지난 해에 자동차세를 선납했다면 올해 다시 신청하지 않아도 연세액 신고납부서가 자동으로 발송된다. 서울시는 “선납하는 것은 3월, 6월, 9월에도 신청할 수 있지만 ‘연말까지 잔여기간에 대한 세액의 5%’를 할인해주므로 1월에 납부하는 것이 세금 절감 혜택이 가장 크다”고 설명했다.
연세액을 납부하고 차량을 양도하거나 폐차하면 소유 일수를 제외한 나머지 기간만큼 세금을 돌려받을 수 있다. 환급 신청은 관할구청 세무부서를 방문·전화하거나 서울시 지방세 인터넷 납부시스템으로 가능하다.
김진만 서울시 재무국장은 “자동차세 절감 혜택이 가장 큰 1월 일시 납부로 많은 시민들이 부담을 조금이나마 덜기를 바란다”며 “시민이 보다 편리하고 합리적으로 세금을 납부할 수 있는 시스템·제도를 지속적으로 제공할 것”이라고 밝혔다."
[단독] 일하다 다쳐도 보상 못 받는 지자체장들,https://v.daum.net/v/20240109174852603,"지난해 9월1일 부산 동구 좌천동의 한 목욕탕에서 화재가 발생했다. 신고를 받고 출동한 소방이 20분 만에 큰 불길은 잡았지만, 원인 불명의 2차 폭발로 당시 현장을 확인 중이던 김진홍 부산 동구청장이 가슴 골절, 눈 부위 타박상, 등 부위 화상 등 부상을 입어 병원 치료를 받아야 했다. 김 구청장의 상해 피해는 분명 공무상 재해에 해당했지만 적절한 보상·지원이 이뤄지지 않아 자비 처리해야만 했다. 지방자치단체장의 경우 공무상 상해·사망 등에 대한 보상 규정이 현행 법률상 존재하지 않는 탓에 이런 상황이 벌어진 것이다. 김 구청장은 9일 통화에서 “제 개인의 보상이 중요한 게 아니라 직무상 사고 현장에 갈 일이 많은 지자체장이 다른 공무원과 달리 보상·지원 대상이 되지 못하는 건 문제”라고 말했다. 
일반 공무원의 경우 공무원 재해보상법에 따라 공무상 부상·질병·장애·사망에 대한 보상·지원이 이뤄진다. 이 법 적용 대상에서 선출직 공무원은 제외된다. 지자체장과 같은 선출직인 지방의회 의원의 경우 지방자치법에 따로 상해·사망 등에 대한 보상 규정이 명시돼 있다. 이 법 42조에 ‘지방의회 의원이 직무로 인해 신체에 상해를 입거나 사망한 경우와 그 상해나 직무로 인한 질병으로 사망한 경우에는 보상금을 지급할 수 있다’고 돼 있다. 다른 선출직인 국회의원도 ‘국회의원의 보좌직원과 수당 등에 관한 법률’에 관련 규정이 포함돼 있는 상태다.
지자체장의 경우 직무 특성상 주민 직접 접촉이 잦고 통상 근무시간 외에도 직무를 수행해야 하는 특수성이 있는데도 공무상 재해 보상 규정이 존재하지 않는 데 대해 지적이 나올 수밖에 없다. 대한민국시장군수구청장협의회 이상범 정책연구실장은 이와 관련해 “이전부터 형평성 차원에서 문제 제기가 있었는데 부산 동구청장 사고를 계기로 행정안전부에 개선을 건의했다”고 말했다.
현재 더불어민주당 노웅래 의원이 지자체장의 직무 중 상해·사망 등에 따른 보상 규정 신설을 골자로 하는 지방자치법 개정안 발의를 준비 중이다. 행정안전부 또한 노 의원 측의 이 개정안 관련 검토의견 요청에 “입법 취지에 공감한다”는 입장을 전했다. 노 의원은 “조속한 대책 마련을 위해 법안을 발의했다”며 “주무부처인 행정안전부 역시도 문제점을 공감하고 있기에 제도 개선이 신속하게 이뤄질 것”이라고 말했다.
김승환 기자 hwan@segye.com"
"밤사이 최대 10cm 눈..광주·전남, 내일 평년보다 '포근'",https://v.daum.net/v/20240109174502474,"기상청은 서울 등에 내려진 대설특보는 대부분 해제됐지만, 눈구름이 남동쪽으로 이동하면서 경기 남부와 강원 남부, 충청 이남 지역엔 최대 10cm의 눈이 더 내릴 것이라고 9일 예보했습니다.
이어 ""내륙 곳곳에 많은 눈이 쌓인 가운데 밤사이 기온이 떨어지면서 빙판길 사고 위험이 커지겠다""며 안전운전에 각별한 주의를 당부했습니다.
10일 아침 최저기온은 서울과 춘천 영하 2도, 인천 영하 1도, 대구 1도, 부산 4도 등으로 영하 5도에서 4도의 분포를 보이겠습니다.
낮 기온은 4~9도의 분포로, 평년과 비슷하거나 조금 높겠습니다.
미세먼지 농도는 수도권과 충북 지역 등에서 오전 한때 '나쁨' 수준을 보이겠고, 그 밖의 지역은 대부분 '좋음'에서 '보통' 수준을 나타내겠습니다.
광주와 전남 지역에도 이날 오전 눈 소식이 있습니다.
전남 동부 내륙 지역은 1~3cm, 광주와 전남 중부 내륙 지역은 1cm의 적설량을 기록하겠습니다.
아침 기온은 장성과 담양 영하 2도, 광주 0도 등으로 전날보다 조금 오르겠고, 낮 기온은 5~10도의 분포로 평년보다 1~3도 가량 높겠습니다.
#날씨 #눈 #비 #광주 #전남 #평년기온"
"야당, ‘이태원 참사 특별법’ 단독 처리…“거부 말아야”vs“재난 정쟁화”",https://v.daum.net/v/20240109165825546," 이태원 참사 특별법이 오늘(9일) 야당 주도로 국회에서 단독 처리됐습니다.
더불어민주당 등 야당은 이날 오후 본회의에서 이태원 참사 특별법을 단독으로 의결했습니다. 의원 177명이 투표에 참여해 전원 찬성으로 가결됐습니다.
여당인 국민의힘 의원들은 표결에 참여하지 않고 퇴장해 규탄대회를 열었습니다.
민주당이 최종 제출한 수정안에는 김진표 국회의장의 중재안을 반영해 특별조사위원회 구성을 전제로 특검 관련 조항을 삭제하고 특별법 시행일을 총선 이후인 4월 10일로 조정하는 내용이 담겼습니다.
또 조사위원회 활동기간 연장을 기존 6개월 이내에서 3개월 이내로 단축하고, 조사위원회 활동기간 동안 이태원 참사 관련 범죄행위의 공소시효를 정지하도록 한 조항도 삭제했습니다.
조사위원회 위원은 총 11명으로 국회의장이 관련 단체와 협의해 추천하는 3명을 포함시켰습니다. 상임위원은 국회의장 추천 1명, 대통령이 소속되거나 소속됐던 정당의 교섭단체가 추천하는 1명, 그 외 교섭단체가 추천하는 1명으로 구성하도록 조정했습니다.
조사위원회 영장청구 요건을 '정당한 이유 없이 2회 이상 거부할 때'로 강화하고, 관할 지방검찰청 검사장 말고도 고위공직자범죄수사처 처장에게도 청구할 수 있도록 했습니다.
수정안을 대표 발의한 박주민 의원은 제안 설명에서 ""원안에서 후퇴한 수정안을 제출하게 돼 마음이 매우 무겁고 유가족 의견을 100% 반영하지 못해 진심으로 죄송하다""면서 ""윤석열 대통령의 거부권 행사 위험을 최소화하기 위해 뼈를 깎는 심정으로 이러한 수정안을 제출하게 됐다""고 말했습니다.
그러면서 ""특별법 제정은 진상규명의 끝이 아닌 시작""이라며 ""법이 통과되면 부디 윤 정부에서 신속하게 법에 따라 행정력 투입에 나서주시길 진심으로 부탁드린다""고 당부했습니다.
이태원 참사 특별법은 야당 주도로 지난해 6월 신속처리안건으로 지정되면서 지난해 11월 본회의에 자동 부의됐습니다.
이후 여야는 오늘 오전까지 합의 처리를 위한 협상을 이어왔지만, 특조위 세부 내용에 대한 이견을 좁히지 못해 결국 합의에 실패했습니다.
민주당 홍익표 원내대표는 본회의 전 열린 의총에서 ""정부·여당이 특조위를 받는 조건으로 끊임없이 과거 세월호 참사 때와 같이 특조위 자체를 무력화시키기 위한 여러 가지 수정 제안을 반복적으로 하면서 결국은 협상이 결렬될 수밖에 없는 상황으로 간 것은 매우 유감스럽다""고 밝혔습니다.
국민의힘 윤재옥 원내대표는 규탄대회에서 ""특별법은 유족과 피해자에게 실효적인 지원 방안을 마련하고 재발 방지가 최우선 목표여야 한다""면서 ""재난을 정쟁화하고 사회적 갈등을 증폭하기 위한 정략적 의도가 깔린 특별법을 단독으로 통과시킨 것은 대한민국 안전이 아니라 정쟁과 갈등을 선택한 것""이고 비판했습니다.
국민의힘은 대통령에게 재의요구권 행사를 건의할지에 대해서는 아직 입장을 정하지 않았습니다.
진선민 기자 (jsm@kbs.co.kr)"
"영세기업도 중대재해법 적용 가능성 커졌다…정부 “野, 법 개정해달라”",https://v.daum.net/v/20240109173605126,"오는 27일부터 상시 근로자 50인 미만(5~49인)인 소규모 기업도 중대재해처벌법 적용을 받게 될 가능성이 커졌다. 정부·여당이 더불어민주당이 제시한 중대재해법 유예 연장 조건을 충족하려 대책을 발표하고 경제계도 동참했으나, 민주당이 호응하고 있지 않아서다. 정부는 국회에 신속히 법을 개정해달라고 요청했다.
국회는 9일 본회의를 열었으나, 50인 미만 또는 공사금액 50억원 미만 사업장에 대해 중대재해처벌법 적용 시기를 늦추는 내용의 중대재해처벌법 개정안이 처리되지 않았다. 임이자 국민의힘 의원이 발의한 이 법안은 현재 법제사법위원회에 계류돼 있다. 다만 1월 임시국회가 오는 15일부터 열리는 만큼 27일 전 극적으로 처리될 가능성은 있다.
중대재해처벌법은 2022년 1월 27일부터 시행됐다. 50인 미만 기업과 50억 미만 사업장은 법 적용이 2년간 유예됐다. 정부·여당은 현실적으로 소규모 기업과 사업장은 중대재해처벌법 시행 준비가 부족해 혼란이 불가피하다는 점을 고려해 2년 더 유예하는 방향으로 법 개정을 추진 중이다.
중소기업중앙회가 50인 미만 중소기업을 대상으로 실시한 조사에서 80%가 전문인력과 예산이 부족해 중대재해처벌법 시행에 대비하지 못하고 있었다. 대한상의가 실시한 비슷한 조사에서는 76.4%가 법 시행 대비가 미흡하다고 답했고, 89.9%는 적용 유예가 필요하다고 했다.
중대재해처벌법을 개정하려면 거대 의석을 갖고 있는 민주당 협조가 필수적이다. 민주당은 국민의힘과 법 적용 2년 유예를 논의하면서 ▲준비 소홀에 대한 정부의 공개 사과 ▲유예기간(2년) 동안 실시할 구체적인 계획 및 재정지원안 ▲유예기간 종료 뒤 시행을 약속하는 정부·경제단체 합의서 ▲중소기업협동조합법 개정안 동시 처리 등 4대 선결조건을 내걸었다.
정부는 지난달 27일 83만7000개 사업장을 대상으로 2년간 안전보건관리체계 구축을 지원하는 내용의 ‘중대재해 취약분야 기업 지원대책’을 마련해 발표했다. 이정식 고용노동부 장관은 같은 날 국회에서 열린 당정협의회에서 “(지난 3년간 정부의 준비가) 현실적으로 충분하지 못하다는 점을 인정할 수 밖에 없는 상황”이라고 말하며 사실상 사과했다.
또 중기중앙회, 한국경영자총협회(경총), 대한상의, 무역협회 등 경제단체도 정부 대책에 적극 협력하고, 2년 뒤에는 추가 유예를 요구하지 않겠다고 약속했다. 민주당이 내건 4가지 조건 중 3가지가 충족된 셈이다. 그러나 그 뒤 여야 논의는 진척되지 않고 있다.
정부는 이날 발표한 입장문에서 “정부, 경제단체 등의 노력에도 불구하고 국회에서 적극적인 논의를 하지 않는 것은 83만7000 영세 중소기업의 현실적 어려움을 외면하는 것”이라며 “현장의 절박한 호소를 충분히 고려하여 법 전면 시행(27일) 전까지 적극적인 개정안 논의와 신속한 입법 처리를 간곡히 요청드린다”고 했다. 민주당이 내건 조건 4개와 관련해서는 “그간 정부는 유예 연장 전제조건 충족과 취약 분야 중대재해 대응 역량 획기적 강화를 위해 최선의 노력을 다해왔다”고 했다.
정부는 “50인 미만 기업 대다수는 영세기업 특성상 대표가 경영의 모든 부분을 책임진다”며 “중대재해로 대표가 처벌을 받으면 폐업뿐만 아니라 일자리 축소로 인한 근로자 피해 등을 우려해 적용 유예를 호소하고 있다”고 전했다. 정부는 이달 중 중대재해 대책 추진단을 조속히 구성･운영하여 50인 미만 사업장이 안전보건관리체계를 신속하게 구축하고 이행할 수 있도록 적극 뒷받침할 계획이다.
중기중앙회·경총·대한상의 등 경제 6단체는 이날 공동성명을 내고 50인 미만 사업장에 대한 중대재해처벌법 유예 법안 처리가 무산된 데 대해 “안타깝고 참담한 심정”이라고 했다. 이들은 “83만이 넘는 50인 미만 소규모 사업장들의 절박한 호소에도 불구하고, 국회에서 논의조차 하지 않은 것은 민생을 외면한 처사”라며 “국회 다수당인 민주당이 부디 전향적인 입장을 보여주기를 간곡히 호소한다”고 했다.
- Copyright ⓒ 조선비즈 & Chosun.com -"
"[자막뉴스] ""전 얻어 먹으면 되지만.."" 철거 위기 유기견 보호소의 혹독한 겨울",https://v.daum.net/v/20240109174702546,"제주시 아라동 / 오늘(9일) 오전제주시내 한 민간 유기견 보호소.
학대로 한쪽 눈을 잃고, 다리가 불편한 행운이는 안락사 직전 이곳에서 새 생명을 얻었습니다.
행운이처럼 갈 곳 없는 개들의 쉼터이면서도, 지난해에만 45마리를 분양 보내는 등 반려견 문화에도 일조하고 있습니다.
지난해 코와 입만 남긴 채 생매장됐던 '베리' 역시 이곳을 거쳤습니다.
이효형 기자""이곳은 행운이를 비롯한 200여 마리의 유기견들이 생활하고 있지만, 지금은 철거될 위기에 놓여 있습니다""
유기견 보호 시설이 임야에 지은 불법 건축물이라며 제주시가 철거를 명령했기 때문입니다.
토지주와 협의만 되면 문제가 없을 줄 알았던 보호소 입장에선 날벼락이었습니다.
고길자 / 'ㅎ' 유기견보호소장""눈 비 다 맞으면서 그냥 집만 놓고 맨땅에다 줄 매서 다 키우라는 건데, 그거거든요""
보호소에서 철거에 나서지 않자 제주시는 결국 경찰에 고발했고, 다음 주 조사가 예정돼 있습니다.
올들어선 강제이행금 징수를 위해 통장까지 압류했습니다.
고길자 / 'ㅎ' 유기견보호소장""나올 돈이 어딨습니까. 하다 보니까 내 개인통장으로 압류가 돼 있더라고요. 시장 못 보는 건 괜찮아요. 내가 어디 가서 얻어먹어도 되니까.. 그런데 우선은 애들 문제죠. 애들 문제가 제일 힘들어요""
게다가 최근 주변에선 도로 개설 등 개발까지 시작돼 땅값까지 들썩이면서 더 남기는 힘든 상황이 됐습니다.
이사도 알아보곤 있지만, 아직 갈 곳도 마땅치 않습니다.
제주시는 여러 민원에도 이미 충분한 시간을 줬다며, 더는 어렵다는 입장입니다.
또 보호소를 제도권에서 관리하려 해도 불법 문제가 걸려 있는 한 진행은 어렵다고 전했습니다. 
보호소가 폐쇄되면 유기견들은 안락사 될 가능성이 높습니다.
하지만 이렇다 할 출구전략도 없이 보호소 유기견들은 이제 내일을 기약하기도 힘든 상황이 돼버렸습니다.
JIBS 이효형입니다.
(영상취재 강명철)
JIBS 제주방송 이효형 (getstarted@hanmail.net), 강명철 (kangjsp@naver.com) 기자"
"제주4.3단체들 ""가족관계 특례 도입 4.3특별법 통과 환영""",https://v.daum.net/v/20240109171021103,"제주4·3 단체와 기관들은 오늘(9일) 국회 본회의에서 가족관계 특례 조항 신설을 골자로 하는 4·3특별법 개정안이 통과된 것에 대해 환영의 입장을 밝혔습니다. 
제주4·3희생자유족회, 제주4·3연구소, 제주4·3도민연대, 제주민예총, 제주4·3평화재단, 제주4·3기념위원회는 이날 공동 논평을 내고 ""제주4·3특별법 개정안이 사실상 여·야 합의로 오늘 국회 본회의를 통과했다""며 환영했습니다. 
단체들은 ""이번에 통과된 개정안은 4·3 광풍의 역사 속에서 뒤엉켜 버린 친족관계를 바로 잡는 계기를 마련했다는 점에서 의미가 적지 않다""며 ""개정의 주요내용들은 4·3유족을 비롯해 4·3단체들이 꾸준하게 개정을 요구해왔던 내용""이라고 평가했습니다. 
그러면서 ""정부는 개정안의 내용이 제대로 이행될 수 있도록 시행령 등 후속대책 마련에 만전을 기해야 할 것""이라고 강조했습니다. 
한편, 국회는 이날 본회의를 열어 '혼인신고 특례'와 '입양신고 특례'가 신설된 4·3특별법 개정안을 가결했습니다. 이에 4·3희생자의 사실혼 배우자와 양자는 4·3위원회의 결정을 통해 가족관계를 바로잡을 수 있는 법적 근거가 마련됐습니다. 
JIBS 제주방송 신동원 (dongwon@jibs.co.kr) 기자"
